지역,센터명,시도명,시군구명,주소,전화번호_1,전화번호_2,전화번호_3,홈페이지
서울,서울시청소년상담복지센터,서울특별시,중구,(04543) 서울특별시 중구 을지로 11길 23 7층,02-2285-1318,02-2285-1318,02-2285-1315,www.teen1318.or.kr
서울,노원구청소년상담복지센터,서울특별시,노원구,(01616) 서울특별시 노원구 수락산로212-19 2층,02-2091-1388,02-2091-1388,02-2091-1389,www.nowonyouthcenter.org
서울,양천구청소년상담복지센터,서울특별시,양천구,"(08067) 서울특별시 양천구 남부순환로83길 53, 신월6동 행정복합타운 2층",02-2646-8341,02-2646-8341,02-2646-8342,http://yangcheon1388.or.kr/
서울,영등포구청소년상담복지센터,서울특별시,영등포구,(07317) 서울특별시 영등포구 도영로22길 36 해광빌딩 2층,02-2676-6114,02-844-0924,02-2636-2071,www.young1318.com
서울,동작구청소년상담복지센터,서울특별시,동장구,(07062) 서울특별시 동작구 여의대방로 20길 61 시립보라매청소년센터 슬기동 2층,02-845-1388,02-834-1355,02-831-0365,http://djyc1388.or.kr/
서울,강남구청소년상담복지센터,서울특별시,강남구,(06362) 서울특별시 강남구 광평로 144 (수서동 749) 2층,02-2226-7667,02-2226-8555,02-2226-1387,www.gnyc.or.kr
서울,중랑구청소년상담복지센터,서울특별시,중랑구,(02254) 서울특별시 중랑구 용마산로 217 청소년수련관 3층,02-496-1895,02-490-0222,02-496-1894,www.jn1318.or.kr
서울,강북구청소년상담복지센터,서울특별시,강북구,(01012) 서울특별시 강북구 4.19로 74 강북청소년수련관 3층,02-6715-6661,02-6715-6661~7,02-6715-6668,www.gb1318.or.kr
서울,도봉구청소년상담복지센터,서울특별시,도봉구,(01412) 서울특별시 도봉구 노해로 69길 132 문화체육센터 1층,02-6956-4501,02-6956-4508,02-6956-4512,www.db1318.or.kr
서울,성동구청소년상담복지센터,서울특별시,성동구,(04718) 서울특별시 성동구 행당로6길 24-15,02-2299-1388,02-2299-1388,02-2296-1389,http://sdyc.or.kr
서울,금천구청소년상담복지센터,서울특별시,금천구,(08645) 서울특별시 금천구 금하로 30길 54 (시흥동) 금천청소년수련관 2층,02-803-1873,02-803-1873,02-804-1387,www.gc1388.or.kr
서울,서대문구청소년상담복지센터,서울특별시,서대문구,(03676) 서울특별시 서대문구 증가로30길 45-9 휴먼센터 3~4층 ,02-3141-1318,02-3141-1318,02-334-0339,www.sdm7979.or.kr/
서울,은평구청소년상담복지센터,서울특별시,은평구,(03476) 서울특별시 은평구 백련산로 4길 16 은평청소년수련관,02-384-1318,02-384-1318,02-383-0508,www.woori1318.or.kr
서울,서초구청소년상담복지센터,서울특별시,서초구,"(06703) 서울특별시 서초구 방배로5길 11 2층 (방배동, 구립방배유스센터 내)",02-525-9128,02-525-9128(308),02-522-9128,http://seocho1318.com/
서울,송파구청소년상담복지센터,서울특별시,송파구,(05834) 서울특별시 송파구 중대로 4길 4 송파구청소년센터 3층,02-449-7173,02-407-7179,02-449-1388,www.sp1318.or.kr
서울,마포구청소년상담복지센터,서울특별시,마포구,(04016) 서울특별시 마포구 희우정로 77 마포한강아이파크 상가동,02-6376-9900,02-6376-9900,02-6376-9909,www.mapo1388.or.kr
서울,광진구청소년상담복지센터,서울특별시,광진구,(05072) 서울특별시 광진구 아차산로 24길 17 자양공공힐링센터 3층,02-2205-2300,02-2205-2300,02-2205-2662,www.light1318.or.kr
서울,강서구청소년상담복지센터,서울특별시,강서구,(07718) 서울특별시 강서구 화곡로 18길 14-5,02-2061-8998,02-2649-1318,02-2649-0331,www.gs1318.or.kr 
서울,관악구청소년상담복지센터,서울특별시,관악구,(08790) 서울특별시 관악구 남부순환로 234길 73 싱글벙글교육센터 벙글동 4층,02-872-1318,02-871-7942,02-877-0025,http://go1318.or.kr/
서울,동대문구청소년상담복지센터,서울특별시,동대문구,"(02586) 서울특별시 동대문구 천호대로2길 23-9, 신설동복지지원센터 2층",02-2236-1318,02-2236-1318,02-2237-1316,www.ddm1318.or.kr
서울,용산구청소년상담복지센터,서울특별시,용산구,(04316) 서울특별시 용산구 백범로 329(원효로 1가) 꿈나무종합타운 4층,02-3273-5820,02-3273-5829,02-3273-5819,www.dodoit.or.kr
서울,구로구청소년상담복지센터,서울특별시,구로구,(08365) 서울특별시 구로구 오리로 1115 천왕동청소년문화의집 2층  ,02-867-1318,02-867-1318,02-851-1319,www.guro1318.or.kr
서울,강동구청소년상담복지센터,서울특별시,강동구,(05211) 서울특별시 강동구 아리수로93길 47 서울시립강동청소년수련관 2층 ,070-8819-1388,02-6252-1388,02-6252-1389,http://www.wagle.or.kr
서울,종로구청소년상담복지센터,서울특별시,종로구,(03076) 서울특별시 종로구 창경궁로 35가길 13,02-762-1318,02-762-1318,02-762-1319,www.jongno1318.or.kr
서울,성북구청소년상담복지센터,서울특별시,성북구,(02814) 서울특별시 성북구 정릉로 242 성북아동청소년센터 4층,02-3292-1388,02-3292-1779,02-3292-1784,www.sb1318.or.kr
부산,부산광역시청소년상담복지센터,부산광역시,부산진구,(47247) 부산광역시 부산진구 서전로 43 6층 (전포동),051-303-8013,051-804-5001,051-804-5056,http://www.cando.or.kr/
부산,영도구청소년상담복지센터,부산광역시,영도구,(49113) 부산광역시 영도구 절영로 321 함지골청소년수련관 1층,051-405-5605,051-405-5224,051-404-5224,www.busanyouth.or.kr
부산,부산진구청소년상담복지센터,부산광역시,부산진구,"(47209) 부산광역시 부산진구 동평로 405번길 85, 양정청소년수련관 2층",051-868-0956,051-868-0950,0303-0951-1388,http://bsjin1388.or.kr
부산,금정구청소년상담복지센터,부산광역시,금정구,(46267) 부산광역시 금정구 기찰로 96번길 47 2층,051-581-2084,051-581-2072,070-4369-6611,www.gjyouth1388.or.kr
부산,북구청소년상담복지센터,부산광역시,북구,(46579) 부산광역시 북구 덕천로3(구포1동 610-1),051-343-1388,051-334-3000,051-309-4118,http://www.bsbukgu.go.kr/youth 
부산,해운대구청소년상담복지센터,부산광역시,해운대구,(48051) 부산광역시 해운대구 재반로 151-21 해운대청소년수련관 4층,051-731-4046,051-715-1388,051-715-1389,www.u-dream.or.kr
부산,수영구청소년상담복지센터,부산광역시,수영구,(48264) 부산광역시 수영구 수영로 521번길 77 청소년문화의집 3층,051-759-8413,051-759-8411,051-759-8412,www.meetyou.kr
부산,사하구청소년상담복지센터,부산광역시,사하구,(49412) 부산광역시 사하구 동매로 161 ,051-207-7169,051-207-7179,051-207-7199,www.saha1388.kr
부산,부산남구청소년상담복지센터,부산광역시,남구,(48494) 부산광역시 남구 유엔평화로 24 5층,051-621-1389,051-621-4831,051-621-4841,www.namgu1388.kr
부산,기장군청소년상담복지센터,부산광역시,기장군,(46069) 부산광역시 기장군 기장읍 차성서로 86 대라다목적도서관 4층,051-792-4880,051-792-4932,051-723-4255,http://gijangcmc.or.kr/1388/main/main.asp
부산,동래구청소년상담복지센터,부산광역시,동래구,"(47710) 부산광역시 동래구 중앙대로 1523 SK허브스카이 A3동 05호, 06호 3층",051-555-1388 ,051-555-1388 ,051-558-3932,www.1388youth.kr 
부산,부산서구청소년상담복지센터,부산광역시,서구,(49206) 부산광역시 서구 시약로 125 1층,051-714-3013,051-714-0701,070-8260-9966,www.flyseogu1388.or.kr 
부산,사상구청소년상담복지센터,부산광역시,사상구,(46927) 부산광역시 사상구 백양대로 952 사상아동보건센터 3층,051-327-1388,051-327-0808,051-327-0809,http://sasang1388.kr/
부산,부산동구청소년상담복지센터,부산광역시,동구,(48723) 부산광역시 동구 범곡로 9 비전센터 3층,051-632-1388,070-7733-8351,051-632-1389,http://bsdg1388.kr/
부산,부산중구청소년상담복지센터,부산광역시,중구,(48954) 부산광역시 중구 남포길 39-2 3층,051-231-1388,051-245-1388,051-241-1388,www.junggu1388.or.kr
부산,연제구청소년상담복지센터,부산광역시,연제구,(47525) 부산광역시 연제구 월드컵대로 243번길 19 거제동원타워상가 503호,051-506-1386,051-506-1388,050-4926-0238,www.yeonje1388.or.kr
대구,대구광역시청소년상담복지센터,대구광역시,중구,(41934) 대구광역시 중구 중앙대로 81길 66-5 대구청소년지원재단 3층,053-659-6240,053-659-6272,053-659-6249,www.daeguyouth.net
대구,달서구청소년상담복지센터,대구광역시,달서구,(42726) 대구광역시 달서구 학산로 7길 39 (월성동),053-638-1388,053-638-1388,053-638-1390,www.dalbi1388.or.kr
대구,수성구청소년상담복지센터,대구광역시,수성구,(42027) 대구광역시 수성구 달구벌대로 2451 범어도서관 5층,053-759-1388,053-666-4201,053-666-4249,http://ss1388.suseong.kr 
대구,대구동구청소년상담복지센터,대구광역시,동구,(41155) 대구광역시 동구 동촌로 16길 20 아인빌딩 2층,053-984-1319,053-984-1318,053-984-1316,http://www.dg1388.or.kr
대구,대구서구청소년상담복지센터,대구광역시,서구,(41770) 대구광역시 서구 서대구로222 3층,053-562-1388,053-216-8310,053-289-3410,www.seoguc8310.or.kr 
대구,대구북구청소년상담복지센터,대구광역시,북구,(41439) 대구광역시 북구 칠곡중앙대로561 읍내동행정복지센터 3층,053-324-1388,053-324-1388,053-324-2388,www.teen1388.or.kr
대구,대구달성군청소년상담복지센터,대구광역시,달성군,(42985) 대구광역시 달성군 논공읍 논공로 252 3층,053-614-1388,053-614-1388,053-614-1387,http://www.ds1388.or.kr/ds1388/
대구,대구중구청소년상담복지센터,대구광역시,중구,(41919) 대구광역시 중구 국채보상로 541 8층,053-423-1377,053-423-1388,053-423-1389,http://www.ymca1388.or.kr/ 
대구,대구남구청소년상담복지센터,대구광역시,남구,(42410) 대구광역시 남구 중앙대로 49길 25 2층,053-624-0996,053-624-1388,053-624-1318,www.dng1388.or.kr
인천,인천광역시청소년상담복지센터,인천광역시,동구,(22573) 인천광역시 동구 박문로 1. 인천교구 가톨릭청소년센터 1층,032-429-0394,032-721-2300,032-721-2320,www.inyouth.or.kr
인천,연수구청소년상담복지센터,인천광역시,연수구,(21936) 인천광역시 연수구 원인재로 283 연수3동 주민센터 4층        ,032-818-0358,032-819-7308,032-818-1760,www.ysyouth.or.kr
인천,계양구청소년상담복지센터,인천광역시,계양구,(21026) 인천광역시 계양구 장제로937 계양구청소년수련관 4층,032-547-0855,032-547-0856,032-547-0857,www.gyeyang1388.or.kr
인천,동구청소년상담복지센터,인천광역시,동구,(22543) 인천광역시 동구 솔빛로 82 3층,032-777-1388,032-777-1389,032-766-1387,www.dream1388.or.kr
인천,인천미추홀구청소년상담복지센터,인천광역시,미추홀구,(22136) 인천광역시 미추홀구 주안로82(주안1동 232-3) 청소년미디어센터 5층,032-862-4877,032-728-6840,032-728-6849,www.michu1388.or.kr
인천,인천서구청소년상담복지센터,인천광역시,서구,(22819) 인천광역시 서구 원적로 7번길 12 가좌청소년센터 2층 ,032-584-1386,032-584-1388,032-584-1389,www.sg1388.or.kr
인천,부평구청소년상담복지센터,인천광역시,부평구,(21387) 인천광역시 부평구 부평문화로 37번길 1 3층,032-509-8916,032-509-8910,032-509-8917,http://portal.icbp.go.kr/1388/
인천,남동구청소년상담복지센터,인천광역시,남동구,(21589) 인천광역시 남동구 소래로 645 남동구평생학습관 2층,032-468-1388,032-471-1388,032-471-1387,http://nd1388.or.kr
인천,중구청소년상담복지센터,인천광역시,중구,(22309) 인천광역시 중구 참외전로 72번길 25 동인천동행정복지센터 3층,032-773-1317,032-773-1318,032-773-1389,www.junggu1388.kr
인천,중구청소년상담복지센터 영종분소,인천광역시,중구,(22379) 인천광역시 중구 영종해안북로 1000-26 하늘문화센터 복지동 2층,032-747-1318,032-747-1318,070-7500-2328,www.junggu1388.kr
인천,강화군청소년상담복지센터,인천광역시,강화군,"(23033) 인천광역시 강화군 강화읍 향나무길 22번길 30-1, 2층",032-932-1388,,,
광주,광주광역시청소년상담복지센터,광주광역시,동구,(61475) 광주광역시 동구 중앙로196번길 5 4층,062-226-8181,062-232-2000,062-232-2003,www.gj1388.or.kr
광주,광주북구청소년상담복지센터,광주광역시,북구,"(61132) 광주광역시 북구 대천로 86, 북구청소년수련관 1층 (문흥동 1009-1)",062-251-1388,062-268-1388,062-264-1388,www.ok1388.kr
광주,광산구청소년상담복지센터,광주광역시,광산구,(62363) 광주광역시 광산구 무진대로 246-7 2층,062-943-1388,062-951-1380,062-955-9105,www.gsg1388.or.kr 
광주,광주남구청소년상담복지센터,광주광역시,남구,(61727) 광주광역시 남구 서문대로 693,062-675-1388,070-4044-7081,062-674-1388,www.1388namgu.or.kr
광주,광주서구청소년상담복지센터,광주광역시,서구,(62048) 광주광역시 서구 금화로 278 국민생활관 2층 213 ~ 215호 (풍암동 염주체육관 내),062-375-1388,062-375-1388,070-8280-7711,www.happy1388.com
광주,광주동구청소년상담복지센터,광주광역시,동구,(61482) 광주광역시 동구 금남로 246 광주 YMCA 3층,062-229-3308,,062-229-3309,www.dg1388.com
대전,대전광역시청소년상담복지센터,대전광역시,동구,(34630) 대전광역시 동구 대전천동로 508 6층,042-252-6577,042-257-2000,042-257-2077,www.dj1388.or.kr
대전,대전서구청소년상담복지센터,대전광역시,서구,(35334) 대전광역시 서구 도솔로72 3층,042-527-1112,042-527-3112,042-537-9111,http://www.sgy1388.or.kr
대전,유성구청소년상담복지센터,대전광역시,유성구,(34097) 대전광역시 유성구 북유성대로 158 유성구청소년수련관 3층,042-824-3454,042-862-7942,042-825-7943,counsel.happyyc1318.or.kr
울산,울산광역시청소년상담복지센터,울산광역시,중구,"(44532) 울산광역시 중구 강북로 105 상가동 2층 (성남동, 롯데캐슬스카이)",052-227-2000,052-227-2000,052-211-2979,www.counteen.or.kr
울산,울산동구청소년상담복지센터,울산광역시,동구,(44011) 울산광역시 동구 남목9길13(서부동) 남목청소년문화의집 4층,052-233-5279,052-209-3435,052-233-1435,www.friend5279.or.kr
울산,울산북구청소년상담복지센터,울산광역시,북구,(44224) 울산광역시 북구 제내1길 6 복음빌딩 4층,052-283-1388,052-283-1390,052-283-1391,www.bukgu1388.or.kr
울산,울산남구청소년상담복지센터,울산광역시,남구,(44692) 울산광역시 남구 돋질로106 마이코즈건물 3층,052-291-1388,052-227-2011,052-292-1388,http://www.micos1388.or.kr
울산,울주군청소년상담복지센터,울산광역시,울주군,(45006) 울산광역시 울주군 온산읍 덕남로 5 3층,052-263-1388,052-229-9630~4,052-229-9639,www.ulju1388.or.kr
울산,울주군중부청소년상담복지센터,울산광역시,울주군,(44920) 울산광역시 울주군 범서읍 구영로 101-20 울주중부청소년수련관 내 3층,052-229-9652,052-229-9651~6,052-229-9659,www.ulju1388.or.kr
세종,세종특별자치시청소년상담복지센터,세종특별자치시,조치원읍,(30024) 세종특별자치시 조치원읍 새내로 108 2층 ,044-867-2022,044-867-2000,044-867-2001,www.sj1388.or.kr
경기,경기도청소년상담복지센터,경기도,수원시,(16305) 경기도 수원시 장안구 송원로 55 행정동우회관 1층 ,031-248-1318,031-248-1318,031-245-2309,www.hi1318.or.kr
경기,성남시청소년상담복지센터,경기도,성남시,(13438) 경기도 성남시 중원구 성남대로 997번길 7(금담빌딜) 4층,031-756-1388,031-756-1388,031-756-8626,http://www.snyouth.or.kr/sn1388 
경기,의정부시청소년상담복지센터,경기도,의정부시,(11622) 경기도 의정부시 의정로 27 청소년수련관 3층,031-872-1388,031-872-1388,031-828-9574,www.uiyouth.or.kr
경기,안양시청소년상담복지센터,경기도,만안구,(13997) 경기도 안양시 만안구 안양로 263번길 31,031-446-0242,031-8045-2745~6,031-446-0243,www.ayf.or.kr/1388
경기,부천시청소년상담복지센터,경기도,부천시,(14596) 경기도 부천시 원미구 장말로 107 복사골문화센터 301호,032-325-3002,032-325-3002,032-325-1015,www.zzang1318.or.kr
경기,광명시청소년상담복지센터,경기도,광명시,(14241) 경기도 광명시 디지털 34 철산별관 노둣돌 1호동 1층,02-809-2000,02-809-2000,02-809-2085,https://www.gmyouth.org/
경기,평택시청소년상담복지센터,경기도,평택시,(17903) 경기도 평택시 평남로 616 청소년문화센터 4층,031-656-1383,031-654-1388,031-656-1363,www.pt1318.or.kr
경기,동두천시청소년상담복지센터,경기도,동두천시,(11362) 경기도 동두천시 지행로 95 청소년수련관 3층,031-861-1388,031-865-0785,031-862-0784,http://1388.tistory.com
경기,안산시청소년상담복지센터,경기도,안산시,(15387) 경기도 안산시 단원구 원초로 76 4층,031-414-1318,031-482-3181,031-486-0944,www.aycc.org
경기,고양시청소년상담복지센터,경기도,고양시,(10512) 경기도 고양시 덕양구 중앙로 633번길 25 토당청소년수련관 2층,031-995-4269,031-995-4250,031-995-4278,https://www.gcyf.or.kr/sb
경기,구리시청소년상담복지센터,경기도,구리시,(11922) 경기도 구리시 건원대로 34번길 32-10 구리시청소년수련관 3층 ,031-557-2000,031-557-2000,031-568-6352,http://guri1388.or.kr/mall/main.php
경기,남양주시청소년상담복지센터,경기도,남양주시,(12244) 경기도 남양주시 다산지금로 51-47 남양주시청소년수련과 2층,031-590-8098,031-590-8098,031-590-8099,https://www.nyj.go.kr/main/1
경기,오산시청소년상담복지센터,경기도,오산시,(18136) 경기도 오산시 오산로 278번길 3 2층 (오산동),031-372-4004,031-372-4004,031-373-7740,www.osan1318.or.kr
경기,시흥시청소년상담복지센터,경기도,시흥시,(14914) 경기도 시흥시 은행로 179 시흥시청소년수련관 별관 1층,031-318-7100,031-318-7100,031-318-7102,www.shyc.or.kr
경기,시흥시정왕청소년상담복지센터,경기도,시흥시,(15049) 경기도 시흥시 오동마을로 33 3층(금광빌딩),031-318-7101,031-318-7101,031-318-7102,www.shyc.or.kr
경기,하남시청소년상담복지센터,경기도,하남시,(12919) 경기도 하남시 조정대로111(풍산동) 하남시청소년수련관 2층,031-790-6680,031-790-6681,031-790-6682,www.hanam.go.kr
경기,군포시청소년상담복지센터,경기도,군포시,"(15823) 경기도 군포시 수리산로 112 슬기관 2층(산본동, 수리산상상마을)",031-397-1388,031-390-1468,031-395-1452,www.gp1318.or.kr
경기,의왕시청소년상담복지센터,경기도,의왕시,(16077) 경기도 의왕시 문화공원로 33 3층,031-452-1388,031-458-5037,031-458-5038,https://www.uyf.or.kr/uw1388/388
경기,용인시청소년상담복지센터,경기도,용인시,(17019) 경기도 용인시 처인구 중부대로 1199 청소년수련관 4층,031-324-9300,031-324-9300,031-322-9303,www.yiyf.or.kr
경기,파주시청소년상담복지센터,경기도,파주시,(10894) 경기도 파주시 와석순환로 415 운정행복센터 6층,031-540-5321,031-540-5300,031-946-1318,www.pajuyouth.or.kr
경기,이천시청소년상담복지센터,경기도,이천시,(17371) 경기도 이천시 영창로 260 서희청소년문화센터 3층,031-634-2777,031-634-2777,031-634-1570,www.ic1318.or.kr
경기,안성시청소년상담복지센터,경기도,안성시,(17591) 경기도 안성시 낙원길 108 안성시청소년문화의집 2층 (낙원동),031-676-1318(내선1),031-676-1318(내선0),031-676-1319,www.an1318.or.kr
경기,김포시청소년상담복지센터,경기도,김포시,(10099) 경기도 김포시 걸포로 76 중봉청소년수련관 2층,031-984-1388,031-980-1681,031-980-1685,https://www.fgy.or.kr/ssac1388
경기,양주시청소년상담복지센터,경기도,양주시,(11469) 경기도 양주시 옥정서로254 옥정3단지 내 행복플러스어린이집 2층,031-858-1318,031-8082-4121,031-858-1007,https://www.yangju.go.kr/yj1318/index.do
경기,여주시청소년상담복지센터,경기도,여주시,(12623) 경기도 여주시 청심로 88 3층,031-886-0544,031-882-8889,0502-882-9191,youth.yeoju.go.kr
경기,화성시청소년상담복지센터,경기도,화성시,(18732) 경기도 화성시 태안로 145 유앤아이센터 2층(병점동),031-225-1318,031-267-8771,031-267-8774,www.mars1318.or.kr
경기,광주시청소년상담복지센터,경기도,광주시,(12779) 경기도 광주시 회안대로 350-17 청소년수련관 3층,031-761-1389,031-762-2219,031-763-7633,www.ggj1388.or.kr/
경기,연천군청소년상담복지센터,경기도,연천군,(11026) 경기도 연천군 전곡읍 전영로 11 연천군종합복지관 내 2층,031-832-4452,031-839-2000,031-832-8167,www.yc1388.or.kr
경기,가평군청소년상담복지센터,,가평군,"(12452) 경기도 가평군 청평면 은고개로 39, 1층 가평군청소년상담복지센터",031-581-0397,031-582-2000(1),031-582-8835,www.gp1318.com
경기,양평군청소년상담복지센터,경기도,양평군,(12556) 경기도 양평군 양근로 183 삼진빌딩 2층,031-775-1318,031-770-2715,031-770-2841,https://www.yp21.go.kr/www/contents.do?key=2182
경기,포천시청소년상담복지센터,경기도,포천시,(11184) 경기도 포천시 소흘읍 호국로 523번길 59-56 청소년교육문화센터 내 2층,031-533-1318,031-538-2219,031-532-1399, http://www.pocheon.go.kr/counsel/index.do
경기,과천시청소년상담복지센터,경기도,과천시,(13828) 경기도 과천시 참마을로 9 과천시청소년수련관 1층,02-504-1388,02-502-1318,02-502-1330,www.gc1318.or.kr
경기,수원시청소년상담복지센터,경기도,수원시,(16486) 경기도 수원시 팔달구 권광로 293 수원시청소년재단 희망등대센터 3층,031-212-1318,031-212-1318,031-218-0449,http://www.syf.or.kr
강원,강원도청소년상담복지센터,,춘천시,(24270) 강원도 춘천시 중앙로 14,033-256-9803,033-256-2000,033-241-8181,www.gycc.org
강원,강릉시청소년상담복지센터,강원도,강릉시,(25474) 강원도 강릉시 종합운동장길 72-21 강릉시청소년수련관 2층,033-655-1388,033-646-8666,033-641-5681,www.gn1388.or.kr 
강원,원주시청소년상담복지센터,,원주시,(26475) 강원도 원주시 서원대로 234 원주시청소년수련관 이음관 2층,033-744-1388,033-734-1388,033-745-1505,www.wonju1388.kr
강원,철원군청소년상담복지센터,강원도,철원군,(24037) 강원도 철원군 갈말읍 명성로 139번길 52,033-452-2000,033-450-5622,033-450-5166,http://youth.cwg.go.kr/site/youth/sub.do?key=2872
강원,영월군청소년상담복지센터,강원도,영월군,(26237) 강원도 영월군 영월읍 제방안길 100,033-375-1318,033-375-1328,033-375-1338,www.kyw1318.or.kr
강원,속초시청소년상담복지센터,,속초시,(24867) 강원도 속초시 관광로 377,033-638-1388,033-633-0741,033-635-0741,www.sokcho1388.org
강원,정선군청소년상담복지센터,강원도,정선군,(26150) 강원도 정선군 사북읍 사북 6길 12-6,033-591-1313,033-591-1311~4,033-591-1310,http://www.jsyouth.or.kr/
강원,동해시청소년상담복지센터,강원도,동해시,(25735) 강원도 동해시 부곡1길 6,033-535-1388,033-532-3070,033-534-7677,http://www.dhyc.or.kr/counsel/04.htm
강원,태백시청소년상담복지센터,,태백시,(26044) 강원도 태백시 태백로 1663 (문곡동),033-582-1377,033-582-1387,033-582-1376,www.tb1388.kr
강원,홍천군청소년상담복지센터,,홍천군,(25131) 강원도 홍천군 홍천읍 산림공원 2길 31 청소년수련관 2층,033-433-1386,033-432-1386,033-435-1388,www.hcyc1388.org
강원,춘천시청소년상담복지센터,강원도,춘천시,(24400) 강원도 춘천시 동내면 외솔길 19번길 45,033-818-1388,033-818-1389,070-4009-2491,http://www.cool1388.com/
강원,횡성군청소년상담복지센터,강원도,횡성군,(25236) 강원도 횡성군 횡성읍 문예로 75 청소년수련관,033-344-1388,033-340-2078,033-344-2990,http://hsg1388.modoo.at
강원,삼척시청소년상담복지센터,강원도,삼척시,(25919) 강원도 삼척시 엑스포로 50-1 3층,033-575-5002~3,070-4469-7735,033-575-5001,http://scc1388.co.kr/
강원,평창군청소년상담복지센터,강원도,평창군,(25377) 강원도 평창군 평창읍 종부로 61 3층,033-335-1388,033-335-0924,033-332-1318,http://www.pc1388.or.kr
충북,충청북도청소년상담복지센터,,청주시,(28516) 충청북도 청주시 상당구 대성로 103(문화동 69-1),043-258-2000,043-220-6826,043-258-3422,http://1388.cbyouth.net
충북,충주시청소년상담복지센터,,충주시,(27411) 충청북도 충주시 중원대로 3324 ,043-842-2007,043-856-7804,043-854-1388,www.chungstar.org
충북,청주시청소년상담복지센터,충청북도,청주시,(28543) 충청북도 청주시 상당구 중앙로 30 청하빌딩 5층,043-275-1388,043-223-0755,043-223-0757,www.cj1388.or.kr
충북,제천시청소년상담복지센터,충청북도,제천시,(27152) 충청북도 제천시 의림대로264 비둘기상가A동 2층,043-642-7949,043-642-7939,043-642-7955,www.jc1318.or.kr
충북,단양군청소년상담복지센터,충청북도,단양군,(27012) 충청북도 단양군 단양읍 삼봉로 187-18 단양군청소년수련관 2층,043-421-8370~1,043-420-3142,043-421-8375,www.danyang.go.kr/dy1388
충북,서청주청소년상담복지센터,충청북도,청주시,(28436) 충청북도 청주시 흥덕구 직지대로 351번길 56 청주시청소년수련관 3층,043-297-1388,043-297-8802,043-297-1380,http://www.1388cw.or.kr/
충북,영동군청소년상담복지센터,충청북도,영동군,(29149) 충청북도 영동군 영동읍 성안길8 청소년수련관 2층,043-744-5700,043-740-3968,043-744-5702,www.yd1388.or.kr
충북,음성군청소년상담복지센터,충청북도,음성군,(27703) 충청북도 음성군 음성읍 설성공원길 16 음성청소년문화의집 1층,043-873-1318,043-873-1320,043-873-1319,www.es1388.or.kr
충북,옥천군청소년상담복지센터,충청북도,옥천군,(29040) 충청북도 옥천군 옥천읍 동부로 39 청소년수련관 1층,043-731-1388,043-731-1388,043-731-1937,www.oc.go.kr/youth/index.do
충북,진천군청소년상담복지센터,충청북도,진천군,(27832) 충청북도 진천군 진천읍 포석길 37-10 청소년수련관 4층,043-536-3430,043-536-3430,043-537-3430,
충북,괴산군청소년상담복지센터,충청북도,괴산군,(28035) 충청북도 괴산군 괴산읍 읍내로6길 20-9,043-834-7943,043-834-7944,043-834-7946,http://www.goesan1388.or.kr 
충북,증평군청소년상담복지센터,충청북도,증평군,(27948) 충청북도 증평군 증평읍 보건복지로 64-2,043-835-4188,043-835-4189,043-835-4190,www.jp1388.or.kr
충북,보은군청소년상담복지센터, 충청북도,보은군,(28936) 충청북도 보은군 보은읍 뱃들4길 11-14,043-544-1388,043-542-1388,043-542-0924,www.boeun1388.or.kr
충남,충청남도청소년상담복지센터,충청남도,천안시,"(31100) 충청남도 천안시 서북구 서부대로 766 3~4층(두정동, 진암빌딩)",041-554-2130,041-554-2000,041-556-8704,http://cnyouth.or.kr
충남,공주시청소년상담복지센터,충청남도,공주시,(32546) 충청남도 공주시 대통 1길 57,041-856-1388,041-858-1318,041-858-1319,http://www.gj1318.or.kr
충남,금산군청소년상담복지센터,충청남도,금산군,(32726) 충청남도 금산군 금산읍 금산로1559 다락원 만남의 집 3층,041-751-2007,041-751-1383,041-754-1386,www.gs1388.or.kr
충남,논산시청소년상담복지센터,충청남도,논산시,(32993) 충청남도 논산시 논산대로 424 논산시청소년수련관 1층,041-736-2041,041-730-6041,041-736-2042,https://www.nsyouth.or.kr/kr/
충남,당진시청소년상담복지센터,충청남도,당진시,(31772) 충청남도 당진시 무수동 7길 142-26,041-357-2000,041-360-6963,041-357-2088,http://www.dangjin.go.kr/dj1388.do
충남,보령시청소년상담복지센터,충청남도,보령시,(33466) 충청남도 보령시 문화원길 9 보령시청소년문화의집 3층,041-936-5710,041-936-3893,041-936-5747,www.dongmuya.or.kr
충남,부여군청소년상담복지센터,충청남도,부여군,(33149) 충청남도 부여군 부여읍 의열로 43,041-836-1898,041-837-1898,041-834-9588,www.1388buyeo.or.kr/
충남,서산시청소년상담복지센터,,서산시,(31967) 충청남도 서산시 서령로136 서산문화복지센터 청소년수련관 3층,041-669-2000,041-669-2000,041-681-2000,www.haemaum.com
충남,서천군청소년상담복지센터,충청남도,서천군,(33644) 충청남도 서천군 서천읍 서천향교길 3 2층,041-953-4040,041-953-9799,041-952-8765,www.sycw1388.co.kr
충남,아산시청소년상담복지센터,충청남도,아산시,(31513) 충청남도 아산시 시장길 29 시민문화복지센터 303호,041-532-2000,041-541-0039,041-541-0073,http://www.asanyouth.or.kr
충남,예산군청소년상담복지센터,충청남도,예산군,(32423) 충청남도 예산군 예산읍 벚꽃로 214-17 예산군청소년수련관 2층 ,041-335-1388,041-335-5700,041-335-5701,www.yesanyouth.or.kr
충남,청양군청소년상담복지센터,,청양군,(33339) 충청남도 청양군 청양읍 문화예술로187-1 청소년문화의집 3층,041-942-1388,041-942-1388,041-940-1099,www.cy1388.kr
충남,태안군청소년상담복지센터,충청남도,태안군,(32140) 충청남도 태안군 태안읍 백화로 199 청소년수련관 1층,041-674-2800,041-674-2800,041-674-2803,www.happy1388.or.kr
충남,홍성군청소년상담복지센터,,홍성군,(32293) 충청남도 홍성군 광천읍 홍남로 744번길 14,041-634-4858,041-632-4859,041-634-4857,www.hssd1388.com
충남,계룡시청소년상담복지센터,충청남도,계룡시,(32829) 충청남도 계룡시 엄사면 문화1로 13 계룡문화예술의전당 3층,042-551-1318,042-841-0343,042-841-0342,http://www.call1388.or.kr
충남,천안시청소년상담복지센터,충청남도,천안시,(31129) 충청남도 천안시 동남구 은행길 15 도시창조두드림센터 4층,041-622-1388,041-523-1318,041-551-1318,www.cheonan.go.kr/teen.do 
전북,전라북도청소년상담복지센터,,전주시,(54935) 전라북도 전주시 덕진구 팔달로 346,063-276-6291,063-274-1388,063-273-1413,www.jb1388.kr
전북,전주시청소년상담복지센터,전라북도,전주시,(55081) 전라북도 전주시 완산구 용머리로 94 3층,063-236-1388,063-227-1005,063-236-1389,http://www.jjsangdam.or.kr/
전북,군산시청소년상담복지센터,전라북도,군산시,(54121) 전라북도 군산시 동리2길 7,063-466-1388,063-468-2870,063-468-2872,www.gunsan0924.or.kr
전북,익산시청소년상담복지센터,전라북도,익산시,(54620) 전라북도 익산시 인북로187 상공회의소 5층,063-852-1388,063-853-1388,063-856-1388,
전북,정읍시청소년상담복지센터,,정읍시,(56190) 전라북도 정읍시 상동중앙로14 청소년문화체육관 3층,063-531-3000,063-536-1388,063-531-3003,jeongeup.go.kr
전북,남원시청소년상담복지센터,,남원시,(55749) 전라북도 남원시 충정로 72 남원시청소년수련관 3층,063-635-1388,063-633-1977,063-633-1955,www.nw1388.com
전북,김제시청소년상담복지센터,전라북도,김제시,(54368) 전라북도 김제시 도작로 224-32,063-544-1377,063-545-0112,063-542-7773,http://youth.gimje.go.kr
전북,진안군청소년상담복지센터,,진안군,(55432) 전라북도 진안군 진안읍 진무로 1054-14 청소년수련관 3층,063-433-2377,063-430-8073~6,063-433-0017,www.ja1388.com
전북,완주군청소년상담복지센터,전라북도,완주군,(55340) 전라북도 완주군 삼례읍 삼봉로125 완주군청소년수련관 2층,063-291-7373,063-291-3303,063-291-5112,http://www.wanju1388.or.kr 
전북,무주군청소년상담복지센터,,전라북도,(55514) 전라북도 전라북도 무주군 무주읍 한풍루로 326-34 3층,063-323-7717,063-324-6688,063-324-6680,www.mujuyouth.net
전북,장수군청소년상담복지센터, 전라북도,장수군,(55631) 전라북도 장수군 장수읍 신천로 81 여성청소년문화센터 1층,063-351-5161,063-351-2000,063-351-4431,https://www.facebook.com/%EC%9E%A5%EC%88%98%EA%B5%B0%EC%B2%AD%EC%86%8C%EB%85%84%EC%83%81%EB%8B%B4%EB%B3%B5%EC%A7%80%EC%84%BC%ED%84%B0-1605161036462040
전북,임실군청소년상담복지센터,전라북도,임실군,(55927) 전라북도 임실군 임실읍 운수로 33-50 임실군청소년문화의집 2층,063-644-1388,063-640-3028,063-640-2128,https://cheongmoon.tistory.com/
전북,순창군청소년상담복지센터,전라북도,순창군,(56047) 전라북도 순창군 순창읍 장류로 192 순창군청소년수련관 3층,063-653-4646,063-652-1388,070-8220-3504,www.sc1388.or.kr
전북,고창군청소년상담복지센터,전라북도,고창군,(56431) 전라북도 고창군 고창읍 월곡뉴타운1길 11 커뮤니티센터 1층,063-563-6792,063-563-6793,063-563-6794,https://www.gochang.go.kr/index.gochang?menuCd=DOM_000000104001006000
전북,부안군청소년상담복지센터,전라북도,부안군,(56305) 전라북도 부안군 부안읍 당산로 81 2층,063-583-8772,063-580-4518,063-581-2446,https://www.facebook.com/%EB%B6%80%EC%95%88%EA%B5%B0%EC%B2%AD%EC%86%8C%EB%85%84%EC%83%81%EB%8B%B4%EB%B3%B5%EC%A7%80%EC%84%BC%ED%84%B0-523538797837858
전남,전라남도청소년상담복지센터,전라남도,무안군,(58564) 전라남도 무안군 삼향읍 남악리 어진누리길 30 전남여성가족재단 4층,061-280-9001,061-280-9000,061-280-9090,www.jnyouth.or.kr
전남,나주시청소년상담복지센터,전라남도,나주시,(58254) 전라남도 나주시 죽림길 34 2층,061-334-1388,061-333-1368,061-333-1367,www.nj1388.or.kr
전남,목포시청소년상담복지센터,전라남도,목포시,"(58684) 전라남도 목포시 신흥로 83번길 14 복지동 2층(옥암동, 목련아파트)",061-272-2440,061-272-2546,061-272-2547,youth.mokpo.go.kr
전남,여수시청소년상담복지센터,전라남도,여수시,(59761) 전라남도 여수시 신월로 648 전남대학교 국동캠퍼스 협동관 1층 여수시청소년상담복지센터,061-663-2000,061-662-4646,061-662-4645,www.ys1388.or.kr
전남,해남군청소년상담복지센터,전라남도,해남군,(59028) 전라남도 해남군 해남읍 수성2길 9 2층,061-537-1388,061-537-1318,061-535-1317,http://www.hyouth1388.co.kr/
전남,장흥군청소년상담복지센터,전라남도,장흥군,(59327) 전라남도 장흥군 장흥읍 흥성로37-23 2층,061-863-1318,061-863-1317,061-863-1399,http://www.jh1388.or.kr
전남,진도군청소년상담복지센터,전라남도,진도군,(58927) 전라남도 진도군 진도읍 진도대로 7195 진도여성플라자 2층,061-544-5122,061-540-3156,061-544-5102,http://cafe.naver.com/jindo1388
전남,순천시청소년상담복지센터,전라남도,순천시,(57992) 전라남도 순천시 명말 1길 57 3층,061-745-1388,061-749-4232~4,061-749-4710,www.sc1388dream.or.kr
전남,완도군청소년상담복지센터,전라남도,완도군,(59115) 전라남도 완도군 완도읍 개포로 159번길 41 2층,061-554-1314,061-555-1318,061-555-4201,http://wd1388.or.kr/
전남,광양시청소년상담복지센터,전라남도,광양시,(57790) 전라남도 광양시 광장로 14 청소년문화센터 2층,061-795-1388,061-795-7008,061-794-5505,www.gy1388.or.kr
전남,영광군청소년상담복지센터,전라남도,영광군,"(57047) 전라남도 영광군 영광읍 중앙로 3길 6-10,영광군청소년문화센터 2층",061-353-1388,061-353-9188,061-352-1389,www.yg1388.or.kr
전남,화순군청소년상담복지센터,전라남도,화순군,전라남도 화순군 화순읍 광덕로 231 (화순군민종합문화센터 2층) ,061-375-7442,061-375-7444,061-375-7441,WWW.hs1388.or.kr
전남,영암군청소년상담복지센터,전라남도,영암군,(58418) 전라남도 영암군 영암로 1511 청소년수련관,061-471-8375,061-470-1004,061-471-1318,www.ya1388.or.kr
전남,고흥군청소년상담복지센터,전라남도,고흥군,(59535) 전라남도 고흥군 고흥읍 고흥로 1793 청소년문화의집 2층,061-834-1317~8,061-830-6652,061-834-1319,
전남,보성군청소년상담복지센터,전라남도,보성군,(59453) 전라남도 보성군 보성읍 송재로 281-7 2층,061-853-1388,061-853-1381,061-853-1385,http://bs1388.co.kr
전남,강진군청소년상담복지센터,전라남도,강진군,(59226) 전라남도 강진군 강진읍 청렴길 1 청소년수련관 3층,061-432-1388,061-432-1387,061-433-1386,www.gjyouth.co.kr
전남,담양군청소년상담복지센터,전라남도,담양군,"(57344) 전라남도 담양군 담양읍 지침6길 29, 3층",061-381-1386,061-381-9845,061-381-1389,www.dyy1388.or.kr
전남,무안군청소년상담복지센터,전라남도,무안군,(58517) 전라남도 무안군 현경면 공항로 347-83,061-454-5284,061-450-5508,061-454-5282,https://www.muan.go.kr/www/information/welfare/child/youth_counsel
전남,장성군청소년상담복지센터,전라남도,장성군,(57222) 전라남도 장성군 장성읍 문화로 110 장성군청소년수련관 별관 1층,061-817-1388,061-393-1388,061-394-7179,www.js1388.or.kr
전남,곡성군청소년상담복지센터,전라남도,곡성군,(57504) 전라남도 곡성군 옥과면 리문5길 11-5 곡성군청소년문화의집 5층,061-363-9584,061-363-9586,061-884-8584,http://1388.gsyouth.kr/
전남,함평군청소년상담복지센터,전라남도,함평군,(57156) 전라남도 함평군 함평읍 곤재로 36-33 군립도서관 3층,061-323-1324,061-323-9995,061-324-9996,www.nownow1388.or.kr
전남,구례군청소년상담복지센터,전라남도,구례군,(57636) 전라남도 구례군 구례로 508 청소년문화의 집 2층,061-783-1388,061-782-0882,061-782-0883,https://www.instagram.com/y.d_gurye/?igshid=1uex1aft3n1j8
전남,신안군청소년상담복지센터,전라남도,신안군,(58824) 전라남도 신안군 압해읍 천사로 1004 신안군청 보건소동 4층,061-240-8729,061-240-8703,061-240-8780,http://www.shinan1388.com/
경북,경상북도청소년상담복지센터,경상북도,안동시,"(36708) 경상북도 안동시 축제장길 20(옥야동, 398-22번)",054-1388,054-850-1000,054-853-3014,https://gb1388.or.kr:9027/
경북,경산시청소년상담복지센터,경상북도,경산시,(38627) 경상북도 경산시 서상길 75 2층,053-812-1318,053-815-4105~6,053-815-4107,http://gbgs.go.kr/special/young/index.do
경북,경주시청소년상담복지센터,경상북도,경주시,(38088) 경상북도 경주시 알천북로 131 ,054-742-1388,054-760-7740,054-742-1387,http://youth.gyeongju.go.kr/index.jsp
경북,영주시청소년상담복지센터,경상북도,영주시,(36073) 경상북도 영주시 광복로 63,054-634-1318,054-639-5865,054-634-1319,http://yj1318.or.kr
경북,영천시청소년상담복지센터,경상북도,영천시,(38844) 경상북도 영천시 운동장로 92 체육시설사업소 2층,054-338-1388,054-338-2000,054-338-7942,http://1388.yc.go.kr
경북,포항시청소년상담복지센터,경상북도,포항시,(37601) 경상북도 포항시 북구 삼호로 533 청소년수련관 2층,054-252-0020,054-240-9140,054-251-1388,http://www.phyf.or.kr
경북,김천시청소년상담복지센터,경상북도,김천시,(39570) 경상북도 김천시 다삼로3,054-435-1388,054-431-2009,054-431-2029,https://www.gc.go.kr/support/main.do
경북,구미시청소년상담복지센터,경상북도,구미시,(39221) 경상북도 구미시 구미중앙로 11길 13,054-443-1387,054-472-2000,054-443-1390,www.youthcoc.org
경북,문경시청소년상담복지센터,경상북도,문경시,(36949) 경상북도 문경시 중앙로50 문경시의회 후관 문경시드림스타트 3층,054-556-1389,054-550-6600,054-550-6660,https://www.gbmg.go.kr/portalsub/teen1318/main.do
경북,상주시청소년상담복지센터,경상북도,상주시,(37195) 경상북도 상주시 왕산로 219-11번지 상주시청소년상담복지센터 2층,054-535-3511,054-534-3511,054-534-3514,www.sj7942.org
경북,울진군청소년상담복지센터,경상북도,울진군,(36324) 경상북도 울진군 울진읍 대나리항길 2 고우이청소년수련관 2층,054-781-0079,054-783-8284,054-789-5434,http://www.uljin.go.kr/
경북,청송군청소년상담복지센터,경상북도,청송군,(37433) 경상북도 청송군 청송읍 복지타운길77 청소년수련관 2층 상담센터,054-873-7626,054-870-6696,054-874-4003,www.youth1388.or.kr
경북,의성군청소년상담복지센터,경상북도,의성군,(37331) 경상북도 의성군 의성읍 충효로 68,054-834-7933,054-830-6947,054-834-7833,http://counsel.usyouth.go.kr
경북,칠곡군청소년상담복지센터,경상북도,칠곡군,(39885) 경상북도 칠곡군 왜관읍 2번도로길 83 3층,054-971-0418,054-971-0419,054-971-0449,https://www.chilgok.go.kr/portal/contents.do?mId=0907070000
경북,청도군청소년상담복지센터,경상북도,청도군,(38333) 경상북도 청도군 화양읍 청려로 1846 청소년수련관 3층,054-373-1610,054-373-1611,054-373-1633,http://cafe.daum.net/cd1388
경북,예천군청소년상담복지센터,경상북도,예천군,(36708) 경상북도 예천군 예천읍 충효로 393,054-654-9901,054-650-8237,054-654-9902,https://cafe.daum.net/yc2012
경북,성주군청소년상담복지센터,경상북도,성주군,(40031) 경상북도 성주군 성주읍 성주순환로 271-9 청소년문화의집 3층,054-931-1398,054-931-1397,054-931-1399,
경북,안동시청소년상담복지센터,경상북도,안동시,(36708) 경상북도 안동시 축제장길 42번지 안동시청소년수련관 2층,054-859-1318,054-841-7933,054-841-7932,www.ad1318.or.kr
경북,봉화군청소년상담복지센터,경상북도,봉화군,(36238) 경상북도 봉화군 봉화읍 내성로1길 17-20 봉화군청소년센터 2층,054-674-1388,054-673-1231,054-673-1241,www.bhw1318.or.kr
경북,고령군청소년상담복지센터,경상북도,고령군,(40138) 경상북도 고령군 대가야읍 왕릉로 30 대가야문화누리 4층,054-956-1383,054-956-1384,054-956-1305,http://art.goryeong.go.kr
경북,영덕군청소년상담복지센터,경상북도,영덕군,(36427) 경상북도 영덕군 영덕읍 강변길 324,054-732-1318,054-730-7371,054-730-6449,https://www.facebook.com/영덕군청소년상담복지센터-1037698109644498/
경북,군위군청소년상담복지센터,경상북도,군위군,(39013) 경상북도 군위군 군위읍 군청로 158 군위국민체육센터 3층 ,054-382-1388,070-4922-8001,054-382-1988,http://www.gunwi.go.kr/ko/page.do?mnu_uid=312&
경북,영양군청소년상담복지센터,경상북도,영양군,(36540) 경상북도 영양군 영양읍 동서대로 92. 영양군청소년수련관 2층,054-683-1388,054-683-1387,,
경남,경상남도청소년상담복지센터,경상남도,창원시,"(51138) 경상남도 창원시 의창구 사림로 45번길 59 경남대표도서관 청소년관 3층, 4층",055-711-1388,055-711-1388,055-711-1398,http://gn1388.gnyouth.net/
경남,창원시창원청소년상담복지센터,경상남도,창원시,(51412) 경상남도 창원시 성산구 두대로97 3층 청소년상담복지센터,055-225-3900,055-225-3901,055-273-2012,https://www.changwon.go.kr/depart/contents.do?mId=0502010100
경남,창원시마산청소년상담복지센터,경상남도,창원시,(51358) 경상남도 창원시 마산회원구 팔용로 128 우리누리청소년문화센터 2층,055-245-7941,055-225-7299,055-245-7945,https://www.changwon.go.kr/depart/contents.do?mId=0502010100
경남,진주시청소년상담복지센터,경상남도,진주시,(52686) 경상남도 진주시 북장대로 6번길 9 (인사동) 1층,055-749-6222,055-749-6222,055-744-8485,http://youth.jinju.go.kr/
경남,창원시진해청소년상담복지센터,경상남도,창원시,(51629) 경상남도 창원시 진해구 진해대로 1101 진해종합사회복지관 202호,055-551-2000,055-225-6812,055-547-5513,https://www.changwon.go.kr/depart/contents.do?mId=0502010100
경남,통영시청소년상담복지센터,경상남도,광도면,(53017) 경상남도 통영시 광도면 죽림해안로 187 통영체육청소년센터 3층,055-649-0924,055-644-2000,055-648-7130,www.tycoun.or.kr
경남,사천시청소년상담복지센터,경상남도,사천시,(52561) 경상남도 사천시 문선4길 23 청소년수련관 3층,055-835-4199,055-832-7942,055-832-7959,www.youthsacheon.com
경남,김해시청소년상담복지센터,경상남도,김해시,(50912) 경상남도 김해시 가락로 176번길 3 ,055-325-2000,055-330-4635,055-328-6743,https://www.gimhae.go.kr/00976/01477/01479.web
경남,김해서부청소년상담복지센터,경상남도,김해시,(51016) 경상남도 김해시 율하2로 210 김해시서부문화센터 2층 ,055-330-7920,055-340-7181,055-311-5283,https://www.gimhae.go.kr/00976/01477/01479.web
경남,밀양시청소년상담복지센터,경상남도,밀양시,"(50436) 경상남도 밀양시 삼문송림길 26, 밀양시청소년수련관 2층",055-355-2000,055-352-7942,055-352-7946,http://www.miryang1388.kr
경남,거제시청소년상담복지센터,경상남도,거제시,"(53246) 경상남도 거제시 중곡로 46, 고현청소년문화의 집 2층",055-636-2000,055-639-4981,055-639-4949,http://counsel.geoje.go.kr
경남,양산시청소년상담복지센터,경상남도,양산시,(50620) 경상남도 양산시 양주3길 36 양산시청소년회관 2층,055-381-9695,055-372-2000,055-388-3477,http://www.yangsan.go.kr/teen/main.do
경남,의령군청소년상담복지센터,경상남도,의령군,(52151) 경상남도 의령군 의령읍 의령대로 1577-25,055-572-2000,055-570-4971,055-570-4976,http://www.uiryeong.go.kr/index.uiryeong?menuCd=DOM_000000405001005006
경남,함안군청소년상담복지센터,경상남도,함안군,(52046) 경상남도 함안군 가야읍 말산 1길 10 청소년수련관 2층,055-583-0924,055-584-0924,055-583-0923,http://www.haman1388.or.kr/ 
경남,창녕군청소년상담복지센터,경상남도,창녕군,(50332) 경상남도 창녕군 창녕읍 화왕산1로 46 5층,055-532-2000,055-533-4288,055-533-8677,http://www.cng.go.kr/life/00000596/00000603.web
경남,고성군청소년상담복지센터,경상남도,고성군,(52932) 경상남도 고성군 고성읍 성내로61 고성군청소년상담복지센터 3층,055-673-6882,"055-670-2951~2,2920",055-673-2926,http://www.gsyon.or.kr/biz/welfare.php
경남,남해군청소년상담복지센터,경상남도,남해군,(52419) 경상남도 남해군 남해읍 망운로 32 종합사회복지관 3층,055-863-5279,055-860-3885,055-863-5278 ,www.namhae.go.kr
경남,하동군청소년상담복지센터,경상남도,하동군,(52326) 경상남도 하동군 하동읍 중앙로 72 하동군청소년수련관 3층,055-883-3000,055-880-6039,055-883-7554,https://www.hadong.go.kr/specialty/00214/00343.web 
경남,산청군청소년상담복지센터,경상남도,산청군,(52226) 경상남도 산청군 산청읍 웅석봉로 92 산청군청소년수련관 2층,055-973-8423,055-970-6591~5,055-970-6889,www.sancheong.go.kr
경남,함양군청소년상담복지센터,경상남도,함양군,(50034) 경상남도 함양군 함양읍 함양여중길 10 함양군건강가정다문화가족지원센터 2층,055-963-7922,055-960-5157,055-583-0923,http://www.haman1388.or.kr/
경남,거창군청소년상담복지센터,경상남도,거창군,(50130) 경상남도 거창군 거창읍 교촌길 100-30 거창군청소년수련관 3층,055-941-2000,055-940-8860,055-940-3968,http://www.geochang.go.kr/youth/Index.do?c=YU0401000000
경남,합천군청소년상담복지센터,경상남도,합천군,(50231) 경상남도 합천군 합천읍 옥산로 96-5 3층,055-930-3911,055-930-3911,055-930-4289,http://www.hc.go.kr/05750/05766/05803.web
제주,제주특별자치도청소년상담복지센터,제주특별자치도,제주시,(63222) 제주특별자치도 제주시 구남로 7길 4 2층 ,064-759-9951,064-759-9950,064-759-9953,www.jeju1388.or.kr
제주,서귀포시청소년상담복지센터,제주특별자치도,서귀포시,(63590) 제주특별자치도 서귀포시 일주동로 8643 3층,064-763-9191,064-763-9190,064-763-9192,http://www.seogwipo.go.kr/youths/counseling/index.htm 
제주,제주시청소년상담복지센터,,제주시,(63097) 제주특별자치도 제주시 남녕로 39 3층,064-725-7999,064-725-3799,064-725-4799,www.제주시1388.한국
